sn,fault_time,label
004d5a7954e7,2020-08-24 08:27:55,2
004d5a7954e7,2020-08-24 09:42:45,0
00ad8ca78e44,2020-04-11 17:41:54,1
0153bbb8240b,2020-08-04 21:31:55,1
01b1ec14c8b8,2020-07-06 07:44:56,1
020b061fa1bd,2020-10-28 08:51:54,1
027c3e23228e,2020-07-30 17:33:54,1
02909441d0a9,2020-06-01 23:18:55,1
02afb9a795a4,2020-09-25 17:22:54,3
03662b6a2889,2020-09-02 05:24:54,1
0374f23da927,2020-04-21 14:11:55,1
03a2b2ad1886,2020-08-15 12:14:56,2
0425004314f8,2020-01-16 00:57:54,1
0471525cd28d,2020-01-18 14:11:57,3
04e3ab0b1cf3,2020-01-20 04:44:00,1
0547328c2069,2020-04-29 18:33:54,1
05586b1c7abe,2020-02-14 23:11:56,1
05e09f9ab379,2020-01-15 19:31:54,1
061e4eefa182,2020-09-24 17:37:55,0
065dec97e11f,2020-08-06 11:51:30,3
0731f4d53c30,2020-01-17 03:13:54,1
0759316e9309,2020-09-19 09:14:54,0
0783cd7f1975,2020-08-14 18:05:55,1
07c55eb2f4c6,2019-12-28 02:25:54,1
07ca351b725c,2020-07-17 12:26:55,1
080e9c2a4a68,2020-06-13 13:52:54,0
08e6340de465,2020-01-28 14:03:16,3
0900edb8eacd,2020-01-04 17:09:54,1
094c05cc9ce8,2020-09-05 11:46:54,0
09ad176a241b,2020-10-27 12:14:54,1
09be554d07f1,2020-10-19 13:21:54,0
09fa18ac4b35,2020-06-22 10:09:54,0
09fe136a8f26,2020-04-28 20:14:55,1
0bf24f24db1a,2020-02-07 09:35:55,1
0bfa8a9968d8,2020-11-20 09:56:54,1
0c5cb52b451e,2020-05-11 22:09:54,0
0ca6582b6066,2020-08-07 04:16:55,1
0cb56396623b,2020-02-08 19:45:55,1
0cc13d5720b1,2020-11-05 02:08:55,0
0cc1dd6b21f6,2020-08-06 10:02:54,0
0d16d83e8001,2020-05-09 01:32:55,1
0d300aae7553,2020-04-24 09:01:54,1
0d7b428fdd07,2020-02-11 01:43:56,1
0dc7bfe12d60,2020-05-30 14:42:54,1
0e288ef7a06a,2020-02-23 16:42:54,1
0ecf9a46e787,2020-02-19 05:11:54,2
1008f02a9398,2020-03-20 11:42:57,1
1060db5144e7,2020-08-23 14:22:54,2
10af2c473021,2020-02-16 18:03:54,1
116baf45a1ea,2020-04-21 12:51:54,1
116bc315f2b9,2020-03-17 10:29:54,0
11a11a3896fa,2020-05-07 01:43:54,1
11cd274a66c4,2020-04-24 08:43:55,0
11eebf3ef5f8,2020-05-16 09:43:54,0
12116025a0c3,2020-04-13 20:10:55,1
1222cb16d3fd,2020-05-09 18:21:54,1
122471a3da3b,2020-05-31 15:46:56,3
1270d2205c33,2020-04-04 21:42:54,1
127198797cc3,2020-10-08 16:00:54,1
12b360b9a947,2020-10-30 17:13:53,1
13375773f207,2020-01-06 08:48:54,1
13d6468169f7,2020-03-27 15:41:54,1
14ddfb9e360b,2020-08-10 20:33:54,2
14ef6fedc96b,2020-10-28 11:43:54,1
155506a9038b,2020-03-25 05:49:19,1
157518478703,2020-10-05 04:23:53,1
1596df17635d,2020-10-24 06:00:57,1
15dacc11bd4d,2020-03-10 23:12:56,2
16260e2439ca,2020-05-15 18:09:07,3
170db86158f2,2020-05-21 01:13:54,1
17452d15560a,2020-10-12 11:50:54,1
17add07e0911,2020-10-18 11:16:53,1
17da6f48433a,2020-07-13 14:12:53,1
17e5404d1c5d,2020-11-18 22:17:54,0
1814ef8f97a6,2020-09-07 12:55:54,0
1819940cf48a,2020-01-18 00:31:00,3
183c4770450b,2020-11-06 15:17:54,1
1841e74ca8c2,2020-02-22 18:02:00,1
185cc60f1a04,2020-04-21 12:50:53,1
185cc60f1a04,2020-05-15 20:16:55,1
187aaaf87596,2020-11-01 15:16:07,3
197b0de8019f,2020-07-09 02:05:57,3
19e755b2a485,2020-02-12 02:03:33,3
1a330f6c270d,2020-09-06 21:32:46,3
1ae13f7533ed,2020-06-20 19:25:54,1
1b32ecb96ba8,2020-07-28 18:21:54,1
1bc00b002fba,2020-08-31 08:20:54,1
1bc6569539f6,2020-11-03 09:28:54,3
1bf34c839635,2020-10-14 08:38:54,0
1c2d2d00da60,2020-08-08 17:57:53,1
1c680580b8de,2020-01-24 02:32:56,1
1c6d1cb9b573,2019-12-31 21:01:57,0
1cc648609282,2020-09-05 12:11:54,1
1d4ccf611903,2020-08-26 14:52:55,1
1e72493219fd,2020-10-24 11:40:55,1
1e73e94d2565,2020-07-12 00:07:55,3
1f03300bbdf1,2020-01-28 08:06:55,3
1f351575858e,2020-08-13 17:27:55,1
200144eb3fbb,2020-09-20 14:28:55,1
2037ba602221,2020-03-24 12:22:54,0
204d898644f5,2020-08-16 13:30:55,1
210c00814c90,2020-02-24 16:33:55,0
2137c3ce646a,2020-04-21 21:10:57,1
216bd498ec19,2020-08-03 15:47:53,1
218de5b8b124,2020-04-03 10:57:58,3
21bafc0b32be,2020-05-26 01:21:55,2
2209a822ffc8,2020-10-27 09:34:22,0
223360625b2d,2020-10-02 13:48:55,1
22fe2d79a7ba,2020-11-17 04:35:56,1
235ca4fddc25,2020-04-26 04:12:00,1
23b20a02b989,2020-03-28 14:23:06,0
240e9be1eb0e,2020-11-03 20:50:53,3
2479e566ffa9,2020-06-03 12:41:55,1
24c6b49c216c,2020-08-24 08:18:55,1
2548532a35e9,2020-10-25 13:25:54,3
257d403e264f,2020-03-05 23:12:55,1
2684dab14e85,2020-10-01 21:43:54,1
26b0f3f23f6b,2020-04-19 21:13:55,1
26ee2e4b397f,2020-08-08 14:11:54,1
26f53e9ae142,2020-11-01 07:07:54,3
270764b33459,2020-05-19 02:53:54,1
272ae075ff90,2020-08-11 10:52:54,0
27dddcd708b4,2020-03-09 09:04:56,1
27fb08385256,2020-08-14 17:22:54,1
283a11dfb7a0,2020-11-04 16:39:53,0
283f59c26d93,2020-04-25 09:44:56,0
28fc2af0f65a,2020-03-30 00:50:31,0
297153e9719c,2020-05-21 18:36:54,0
29cc301af6c4,2020-01-16 06:15:54,1
29cf2250de1c,2020-07-21 18:41:54,1
2a2d64923f75,2020-10-28 07:07:54,3
2a7cf2dff7df,2020-06-28 01:41:53,1
2b2f46bb0d94,2020-09-16 03:35:55,2
2bc186f6d6da,2020-10-01 15:13:56,1
2c09fe3a7f1e,2020-06-14 18:55:54,3
2c54d81df7ad,2020-05-28 15:00:54,1
2cb07bab0d1c,2020-04-26 04:49:54,1
2cce7cc20229,2020-07-27 22:49:54,3
2d2f5826ee61,2020-01-13 11:34:56,1
2d84361f7634,2020-06-03 20:29:54,1
2d9ff9c60c1c,2020-11-08 09:25:55,0
2e313c9ce34e,2020-10-12 22:16:55,1
2ee18056ba20,2020-06-13 10:51:03,3
2f0b15b1c57f,2020-10-08 14:21:53,1
2f5e2a000820,2020-03-19 21:42:55,1
2f80bf7e5b4b,2020-06-27 04:07:54,1
300ba93db430,2020-03-21 12:55:14,3
301e4054c398,2020-03-29 20:36:53,0
3035d9566b21,2020-07-22 15:13:32,0
30b467122c30,2020-11-05 09:46:58,1
312b38d603cd,2020-01-25 14:56:56,2
31fddbb2595a,2020-05-21 05:45:56,1
3203d1ad381f,2020-10-28 16:10:54,0
321bbdba08da,2020-04-02 17:14:54,1
321cdf05e6ef,2020-04-26 22:48:55,1
326b0f8d200e,2020-09-22 17:11:18,3
32dcf734e0d3,2020-09-27 00:43:54,1
332968be54bc,2020-08-25 19:09:55,1
33a87fc607fc,2020-03-13 02:42:55,1
34b31d54812c,2020-08-10 19:59:54,1
34e89b7d0785,2020-01-30 14:11:54,1
34ec09253bbd,2020-08-13 14:15:14,3
34ec09253bbd,2020-08-13 14:15:17,3
34fa9c25b28e,2020-01-20 03:24:53,1
36f88ba67cc2,2020-04-16 06:52:15,3
372196dc2e51,2020-06-15 18:16:53,1
37317d7e8111,2020-03-11 03:59:54,1
37d21b60de2b,2020-03-15 18:12:54,1
381353423f29,2020-10-23 17:42:54,3
38141e0d1b02,2020-01-23 04:16:53,3
384a56c8db14,2020-07-25 20:20:55,1
3863ee4d0835,2020-04-09 15:15:54,1
387a0c73a37a,2020-06-15 20:42:54,1
38878a3b7c26,2020-04-02 21:32:36,3
395279660333,2020-08-01 01:39:55,1
395afc70351c,2020-04-03 19:26:55,0
3961c38c7ddb,2020-02-05 10:59:54,1
39ffe8a236d4,2020-02-07 09:01:57,0
3a61e9365655,2020-04-16 08:08:54,1
3abb047e84dc,2020-06-02 11:03:54,1
3b2bd2801411,2020-01-15 06:16:56,1
3b36ac8accbb,2020-03-03 15:23:56,3
3b37531ffb28,2020-07-05 17:38:54,0
3c1812a8be4e,2020-06-01 01:01:55,1
3cadb6338425,2020-05-13 10:50:29,1
3ce6f1f955a2,2020-10-14 12:01:54,1
3d5e22d85ff1,2020-08-09 02:25:54,0
3d7ec5c88445,2020-09-01 08:01:53,1
3f050e6cc411,2020-03-16 04:38:55,1
3f4d679b032c,2020-05-13 17:04:54,0
3f5a6b5d319a,2020-07-13 19:54:54,3
4065b5c7de75,2020-01-19 19:16:55,1
40cd23443080,2020-06-11 04:42:14,1
41542cb68b92,2020-01-19 01:04:54,1
41812b464659,2020-07-31 11:57:54,0
4221ad7f9609,2020-09-24 17:37:55,0
42221ed4eb28,2020-07-30 09:21:53,1
42c2cd060fbc,2020-06-29 06:45:54,1
4303f7d71e6e,2020-10-07 12:09:55,0
4327b05fa233,2020-11-24 19:44:54,0
43a3e0fbe431,2020-10-29 03:32:54,1
44bb06ab7183,2020-07-03 13:33:54,1
44ccdd2e9a99,2020-02-20 10:13:57,1
44f3b8772346,2020-08-07 09:09:15,1
4501cb4a9ff9,2020-04-03 09:12:56,1
450d2640bf59,2020-02-16 03:27:59,1
45a940b081ae,2020-05-27 03:36:54,1
45c095e38e09,2020-03-03 16:13:55,0
45d051e6f35c,2020-10-22 08:19:54,0
468ec81c5257,2020-02-19 07:35:55,1
46f13b7d94ee,2020-07-15 09:43:55,1
4749ed60ad4d,2020-11-07 05:02:57,1
47d0c9b3b4bc,2020-11-23 00:16:54,3
48c33a4b2ffc,2020-03-06 17:33:56,3
4954483c841d,2020-05-27 14:44:19,0
4963699cd024,2020-09-29 19:47:54,0
49cf4d028998,2020-10-24 15:41:56,3
4abab6058329,2020-01-19 01:12:54,1
4ac7b09b8a8a,2020-06-19 12:50:54,1
4afae7b58c7f,2020-07-30 17:13:09,3
4b40b394493b,2020-07-09 20:37:02,3
4c04245ad21d,2020-08-07 13:26:54,1
4c10ebb71836,2020-04-29 14:59:54,1
4c2f0cc4fc1c,2020-01-01 17:35:53,1
4c44a86fe2d5,2020-08-12 23:43:54,3
4cefceed665b,2020-04-29 06:37:40,3
4ea3179c7aaf,2020-10-10 12:44:55,1
4ed4afaf894a,2020-09-12 20:54:54,1
4fba3701114c,2020-07-11 05:54:26,3
501eb28ef7ed,2020-01-29 08:20:36,1
50245e1c73e7,2020-03-05 06:56:56,2
505b4f1d0522,2020-10-07 10:19:54,1
50bb9c2c7ef0,2020-07-19 00:49:54,3
50c4bec63f17,2020-04-21 16:49:54,1
50dcde88f2fd,2020-06-05 11:10:54,3
51b1442c526b,2020-06-30 19:02:54,1
52751a5d4f3e,2020-01-15 17:41:53,1
52c768cb71e6,2020-05-18 01:18:55,1
52d55d2ee6fa,2020-06-03 05:43:53,1
52ff6c625f84,2020-04-28 14:16:55,1
5312fd6f4690,2019-12-28 01:46:54,1
533b12d90392,2020-06-03 01:37:54,1
53819ba86644,2020-02-06 13:49:54,1
5390ec068237,2020-05-13 02:16:54,1
53a0587f807f,2020-05-05 11:11:55,1
541016ed51e1,2020-08-13 11:53:21,1
54bf16eb483b,2020-02-26 16:06:55,3
54c10f65cffd,2020-08-25 20:20:54,0
54c5c7a80650,2020-06-03 04:42:53,1
5503e4fbea35,2020-09-06 05:24:57,1
552167f64d8b,2020-09-30 23:04:54,1
55b71d7e336d,2020-09-03 20:57:55,1
55c2abc9db01,2020-02-11 12:59:56,1
55e94385c57e,2020-02-24 12:42:53,1
56067077514b,2020-03-03 10:27:57,1
561285668e26,2020-11-21 14:05:54,0
5621accac035,2020-07-30 17:50:54,1
5655f5fd33dc,2020-10-08 11:00:55,1
56dabf8d38d2,2020-06-08 15:26:56,3
56e177f2c90f,2020-06-30 07:11:51,1
5764ec49c660,2020-02-24 09:12:54,1
5780ac05e80e,2020-01-27 09:47:54,1
584b6099fa45,2020-08-08 19:42:53,1
5924627cf35c,2020-08-01 18:16:54,1
5961c2649982,2020-11-18 14:38:54,1
59de91645d46,2020-10-30 18:26:50,3
5a0ab47d20de,2020-10-31 08:35:54,1
5ad1977824f5,2020-05-02 11:25:55,0
5aee30abb39b,2020-07-30 22:07:53,0
5afaf96f83fa,2020-01-04 05:41:54,1
5b8949c52dff,2020-02-09 19:45:56,1
5c3243a025f7,2020-03-02 16:58:54,1
5c50dacc5edc,2020-05-13 09:18:55,1
5ca3b03a4828,2020-03-24 04:41:20,1
5d0e3327ca92,2020-11-24 08:17:54,1
5d0eacc30354,2020-02-09 18:46:52,1
5d1b2c18b834,2020-07-23 18:28:55,3
5d2f74d1afa4,2020-01-12 19:00:14,3
5d7249be5ad7,2020-08-02 14:01:55,1
5de5ddfa331c,2020-01-21 22:57:20,3
5df83d255f05,2020-06-09 15:05:55,1
5ed0cec57f78,2020-09-13 19:51:54,0
5ee470701271,2020-10-03 05:42:56,1
5f2e1e76e484,2020-01-15 16:54:54,1
5f59bddf6554,2020-06-25 19:32:54,0
5f954b99353d,2020-04-07 15:34:56,1
5f9e118e8118,2020-10-24 16:32:54,1
5fb7879b73f1,2020-02-17 05:12:55,3
5fdd3195b0fa,2020-02-18 19:23:56,1
5ff43fe56aff,2020-09-05 18:12:55,1
60111d4bb250,2020-06-07 01:01:13,2
604106e7242c,2020-04-07 15:04:54,1
60cf712e3a73,2020-11-03 07:11:54,1
60ddefcae387,2020-01-12 02:06:54,1
60f206d37f18,2020-11-21 04:50:55,1
6154ddef7930,2020-01-23 20:51:55,0
62ba23a27cdd,2020-04-24 17:31:58,1
62dad89154f6,2020-01-21 21:43:55,1
630f61914e77,2020-08-05 10:24:55,3
6314227269db,2020-08-20 11:55:53,0
6357fcfee6b9,2020-04-15 12:44:54,1
63719a4b5eeb,2020-09-10 20:16:54,1
63d2ca681edb,2020-10-12 11:37:53,0
6402e69a46a0,2020-01-25 23:48:57,3
643661ddd216,2020-05-29 09:38:54,1
644ec26ad8a5,2020-03-18 15:41:55,1
64c0dc48ba84,2020-09-18 23:07:55,1
661f9fdb3128,2020-03-13 14:38:10,3
665744970e97,2020-01-15 10:58:53,1
67194c2f9448,2020-04-08 00:58:57,1
67658bfc91d6,2020-06-08 12:50:54,1
677710292d3a,2020-03-08 06:10:57,3
679e6f77471f,2020-01-21 10:38:35,3
67d30960afc5,2020-03-14 22:15:57,0
6841b3d659e8,2020-05-14 12:01:54,1
68891c77605e,2020-05-21 17:24:54,1
69c00e9015fc,2020-08-23 16:03:54,3
6a5863d99505,2020-05-21 11:40:54,1
6a66f704291f,2020-11-09 05:06:54,1
6aceb73d7978,2020-01-23 14:55:54,3
6b2a05ca8a6a,2020-06-26 10:51:54,1
6b3443e1333b,2020-02-22 15:43:57,1
6b3eb7a324f0,2020-11-14 05:07:54,1
6ba2e9931b77,2020-11-05 08:11:54,0
6bb2a678948c,2020-05-11 08:34:56,1
6bd6767839fc,2020-02-15 04:10:55,1
6bed734f97fd,2020-01-31 05:54:56,3
6cad0619a7d3,2020-11-01 23:46:32,1
6da0284a7a1d,2020-03-16 12:33:56,3
6de5e27e7a6a,2020-05-20 14:51:54,1
6df6bedf35a4,2020-05-16 06:18:54,1
6ed5945e0354,2020-09-17 10:35:55,3
6ee3a1c366c6,2020-03-02 16:17:54,3
6eecd812f563,2020-07-13 12:35:23,3
6f4a4195ef13,2020-10-14 08:22:53,3
6f4a4195ef13,2020-11-10 11:30:54,3
6ff7281ab306,2020-05-07 15:02:55,0
70f9a7803365,2020-02-19 08:48:57,1
717c2d957744,2020-02-22 12:10:56,0
718615c730cb,2020-10-31 03:14:54,3
71b59cf69799,2020-06-04 10:43:57,3
71c264398789,2020-02-23 10:25:56,3
71dd70feaa0f,2020-07-22 14:51:53,1
71fd878ba27f,2020-09-18 07:58:54,1
725996628570,2020-06-18 10:12:54,1
72a940a27419,2020-09-22 19:15:54,1
72cbd8a95d67,2020-03-30 08:42:58,1
72e6a66a4ff2,2020-10-29 01:32:55,0
7453025033b7,2020-10-11 22:46:54,1
74563da83ec3,2020-04-30 02:47:53,0
74fc81388645,2020-03-29 01:13:55,3
752437ca7891,2020-10-08 12:23:54,1
756f717673a8,2020-03-04 19:40:54,1
758ee455343b,2020-11-23 19:24:53,1
75e9f0de9fce,2020-04-06 04:30:56,2
75fc0c65a4e5,2020-03-12 11:00:55,1
76330be1b2fc,2020-06-09 13:29:54,1
773c69a4ac1e,2020-05-25 15:53:54,1
77857e356d20,2020-09-06 21:06:55,0
77b4fe736b76,2020-10-04 04:52:54,1
77c7f7fe6bc6,2019-12-28 21:09:54,1
77ec6fa2a18a,2020-06-10 04:52:54,1
77ec6fa2a18a,2020-06-10 04:53:56,1
7837b6a9f5ce,2020-02-29 08:17:54,1
784f845e6524,2020-07-11 12:45:54,1
787446ca4edd,2020-11-11 14:17:55,1
7892e81fa123,2020-04-02 11:49:53,1
78adc0cb2d10,2020-08-03 18:32:54,1
78c2e649ea43,2020-07-01 06:29:02,3
78e4d54a291a,2020-09-12 01:05:54,0
78e89cea49ca,2020-06-18 21:32:53,1
7939aac2edff,2020-01-10 07:54:11,3
796389f85904,2020-01-18 00:43:54,1
7a2a8096a063,2020-05-13 09:11:54,3
7a62433d0926,2020-11-14 07:10:54,3
7ab57c3f9470,2020-09-24 18:36:54,1
7b059c827fac,2020-06-23 12:02:54,1
7b08312461de,2020-08-22 17:55:53,1
7c5ba234613e,2020-04-17 05:10:03,1
7c6c7c138d19,2020-01-19 05:10:03,1
7c70c29285dc,2020-08-17 11:23:54,1
7cf6d60534d6,2020-07-01 10:48:55,3
7d80a14e30cb,2020-08-15 20:19:30,3
7dafe2ad71c5,2020-09-01 16:04:54,1
7e6f38c860e1,2020-04-29 16:29:54,0
7f937f13f251,2020-11-20 07:02:55,1
800fe38f8079,2020-08-03 13:56:54,1
802868ccd89a,2020-09-23 05:12:54,1
805fc78b15ba,2020-04-02 08:12:54,0
809bedf485fd,2020-11-01 12:17:54,1
809c82eba55c,2020-07-03 12:42:54,1
81054e9322af,2020-08-21 10:23:55,3
8135b684ce4c,2020-08-21 20:51:54,1
81a4c81e0885,2020-09-04 22:05:56,1
8232fdd1da6c,2020-11-01 11:17:55,1
824408280904,2020-10-11 12:51:54,1
827f18edbfd8,2020-08-02 19:04:53,1
8332e3ebe8c2,2020-10-19 10:36:54,2
8357f6900071,2020-08-05 19:20:54,1
83a569b8971b,2020-01-08 09:26:49,3
83c26c0560f8,2020-08-15 15:41:55,1
83e4edd27dcf,2020-11-19 08:05:54,1
83e8d884970d,2020-09-13 13:42:56,1
848f720fcb8c,2020-09-12 07:48:54,1
84bddaa3abe4,2020-03-21 13:41:06,1
84e464445963,2020-10-05 09:58:54,3
86c107d9f951,2020-11-06 02:01:54,1
8733c73346c7,2020-04-15 19:37:53,0
88a9ff17a8eb,2020-11-09 22:10:53,0
88bc73a2a00d,2020-07-05 19:13:54,1
88dcfa0fadd8,2020-08-08 21:26:54,1
897aacfc0a02,2020-05-04 23:18:45,1
89b97cc6431d,2020-08-10 22:09:54,1
89e16ed1ce37,2020-08-17 03:51:54,1
89e5e59e1080,2020-10-10 07:31:56,0
89f6d9baab7a,2020-02-07 01:01:55,1
8b133232b281,2020-09-08 18:53:01,3
8b3a1c8d25ad,2020-09-05 22:40:54,1
8b4b41a9dffe,2020-11-19 16:48:59,0
8b4def7f1963,2020-09-03 15:16:03,2
8b4def7f1963,2020-09-03 17:48:39,1
8b648d0b48aa,2020-03-13 10:06:58,1
8bf440b04f44,2020-06-17 12:19:54,1
8c7d155c3c8c,2019-12-30 06:12:54,1
8c8f150c7705,2020-06-12 08:21:54,1
8cb4a04f2e57,2020-09-24 12:15:55,1
8d7361be9347,2020-09-14 23:07:55,1
8da507af17cc,2020-02-27 19:27:55,1
8eb15f6eea4d,2020-01-18 06:39:54,1
8ee33187411d,2020-09-02 15:33:54,1
8f8e647c249c,2020-02-22 05:14:55,1
8ff8582ce943,2020-02-29 13:34:55,1
90414c753b91,2020-10-06 18:25:54,0
90517ea5fad7,2020-10-13 01:48:54,1
9062d6339965,2020-10-09 15:44:10,1
910d4d47bc50,2020-09-15 11:58:54,1
91175c2e6a2f,2020-04-21 10:09:59,0
9120f0cd2b68,2020-08-18 13:19:53,3
92c8e839c9e7,2020-03-18 21:14:06,1
92ef0bf98ed7,2020-07-27 02:27:37,1
930663eb9433,2020-02-11 20:18:03,0
931061fb6093,2020-11-21 21:46:54,0
936327644ee7,2020-02-20 19:09:53,0
936aedda1ada,2020-09-02 12:41:54,3
93c5882125a5,2020-10-20 05:27:27,3
940d4f3f27b2,2020-03-23 08:04:53,1
941691094ebd,2020-04-12 06:34:54,1
941b55739447,2020-09-14 00:06:55,3
94a67c2c2859,2020-10-17 10:06:54,1
956c451baf16,2020-04-19 01:46:54,1
95a56e2b404c,2020-03-19 17:30:11,1
95b23baf55b8,2020-11-01 03:30:54,1
95d53f7497e0,2020-02-14 10:21:54,0
96391de34b1e,2020-06-14 16:13:14,1
965dbf0487fc,2020-11-09 00:36:55,1
96d94600928a,2020-03-03 14:38:57,1
96f5fee534f4,2020-03-29 16:54:51,3
975f48ea12c2,2020-02-26 21:20:54,1
980f77639830,2020-03-01 01:05:55,1
99a9f4434c32,2020-03-06 21:30:55,1
99d6ff8bedf9,2020-03-02 05:20:58,2
9a23d3811402,2020-11-17 09:35:54,1
9a277413503d,2020-03-09 14:45:54,2
9a92e1444c53,2020-05-31 13:55:54,3
9ae3e3d05947,2020-04-04 23:10:56,1
9c2a264b3051,2020-01-14 18:35:51,3
9c633eb7c1c4,2020-09-07 16:27:55,1
9ca3df8c16af,2020-07-07 02:42:08,3
9ca64b3749b5,2020-07-19 04:26:48,3
9e8b05b894de,2020-02-22 15:02:56,3
9ecaaf4d9b1f,2020-05-09 12:53:54,1
9f197d063163,2020-01-24 07:31:54,1
9f64735f3358,2020-02-24 02:18:56,1
9f858e18aef2,2020-06-19 19:05:57,3
9ff6ef38e64d,2020-08-11 14:41:54,3
a049347a3100,2020-03-01 00:51:55,1
a05a508eb182,2020-04-15 18:13:56,1
a074a42b2f69,2020-05-10 17:18:55,0
a07988ba4867,2020-01-01 15:58:53,2
a0964d277bbf,2020-07-11 14:03:55,0
a0c591286e8e,2020-09-04 07:34:55,1
a12e6e53c309,2020-08-21 12:16:53,0
a143d9f23393,2020-06-23 19:36:54,1
a146436916e9,2020-08-13 23:10:53,1
a17caf77b882,2020-10-09 21:55:58,1
a182fe08ec0f,2020-08-07 01:45:47,3
a182fe08ec0f,2020-08-07 01:51:36,3
a1c8637e442c,2020-05-19 10:14:53,1
a23f6de947ac,2020-06-08 18:59:57,1
a28061d4af9b,2020-02-09 16:58:55,1
a28e2ed36c40,2020-11-02 16:13:49,0
a2f314b626e9,2020-05-25 10:40:55,0
a35b69696422,2020-03-19 19:37:55,0
a3c0de91052c,2020-08-30 18:40:07,0
a3fa2733afea,2020-08-20 19:41:55,1
a5077d0c76d8,2020-09-21 08:04:53,1
a5398d07c7c4,2020-07-30 13:51:54,1
a5666bc2fe95,2020-08-04 10:10:55,1
a592e69220bf,2020-09-16 16:26:56,1
a5e5f46bd464,2020-07-17 04:20:53,1
a5e754092a64,2020-10-29 10:52:54,0
a61566ac24e4,2020-05-22 04:20:55,3
a6ae3875ce82,2020-11-19 14:33:54,0
a6ff75eaf507,2020-10-25 04:56:55,1
a718176a88f1,2020-02-20 21:54:10,0
a74e62f8c7e6,2020-01-27 12:57:55,3
a7765a85b3db,2020-02-10 21:22:54,1
a77e11c9bbaa,2020-02-23 04:20:54,3
a8517e032d15,2020-09-15 21:09:55,1
a8a2171f8e86,2020-06-21 03:52:54,1
a8e4836bd911,2020-04-20 00:35:54,3
a90340c87b96,2020-07-03 00:55:55,1
a986aff19696,2020-02-03 01:36:55,3
aa0efb619c33,2020-04-19 10:48:57,1
aa3abf22e932,2020-07-13 11:31:54,1
aa8fb4f55e27,2020-02-01 17:45:54,1
aa903142cecc,2020-10-31 16:18:53,1
aac47a68e70e,2020-11-16 09:57:54,1
ab46baa3fb08,2020-01-07 06:38:08,2
ab46baa3fb08,2020-01-07 06:59:55,2
aba6049b533f,2020-02-01 23:11:55,1
abce24c2a3c2,2020-06-01 19:53:54,1
ac08a3fee4dd,2020-03-14 12:43:58,0
ac26c789bc42,2020-04-09 22:45:54,1
ac8d2b1794ab,2020-05-11 02:29:56,1
acab66bceec5,2020-04-17 04:19:55,0
ad1ec060cafb,2020-09-23 15:47:55,1
adfc71614666,2020-09-01 22:40:54,1
ae0a03e2c39d,2020-02-24 22:41:54,1
ae7696743736,2020-07-02 20:10:44,0
ae8fc883253a,2020-07-14 10:46:53,1
af241f62902c,2020-06-20 07:19:54,1
afa2bf95de88,2020-06-17 16:48:55,0
aff6e8fd47ab,2020-03-18 12:51:56,1
b00d6799c266,2020-01-15 04:14:57,3
b053504d1cc1,2020-03-03 21:44:54,2
b0639f223f7f,2020-04-22 04:15:09,1
b0d62c5cf68d,2020-03-07 20:10:56,1
b0f337d802d6,2020-11-04 16:35:54,1
b12261dcc514,2020-02-28 16:48:00,2
b15ab5982e48,2020-09-21 14:57:55,1
b166862baf49,2020-09-16 02:23:54,3
b1812917bfaa,2020-10-10 08:12:55,1
b21bc899768e,2020-09-12 18:40:55,0
b2a1b38947b6,2020-09-10 03:45:54,1
b31d0bcc03a1,2020-09-29 02:06:56,1
b351120b00f1,2020-08-25 17:01:54,1
b375772b2020,2020-04-28 09:34:55,1
b3e58dce2739,2020-08-29 01:46:56,1
b45b1c38fa9f,2020-08-04 14:47:54,1
b462661bf4db,2020-10-13 15:24:31,1
b488c08b906c,2020-09-17 01:15:55,1
b49fe58e1e65,2020-02-07 10:20:54,0
b5252464e773,2020-09-09 03:27:55,1
b6204d77dc88,2020-07-06 10:15:54,1
b7842b6a4b23,2020-05-14 17:49:53,1
b7d0d3fa99af,2020-06-17 14:26:54,1
b7ee65a8d7f1,2020-07-02 01:24:30,3
b838cdcd1fba,2020-02-03 14:59:49,3
b841ee2e383a,2020-03-28 10:11:54,1
b843f3315759,2020-05-28 03:05:55,2
b88e5ec4b62f,2020-03-30 04:26:03,3
b9c60f28e358,2020-10-20 02:30:56,1
b9c639ad05f0,2020-08-22 12:41:55,0
b9f92f71ff5c,2020-10-15 14:47:54,1
ba512fe7801e,2020-01-15 14:18:54,1
ba6e944446af,2020-04-01 14:14:54,1
baacd21cb1d8,2020-01-01 17:26:54,3
baf9617d6a48,2020-03-16 08:39:54,3
baf9617d6a48,2020-03-24 07:39:14,3
bb84f993d387,2020-08-08 08:42:54,1
bb8fb0595b46,2020-02-22 22:54:54,1
bbcb0d29264f,2020-05-20 11:21:54,0
bc2ced419ba8,2020-02-28 18:39:55,2
bc4845ecdf5e,2020-05-18 09:42:54,1
bd4174a8165c,2020-02-11 07:55:53,0
bd9e0ee3c0ab,2020-08-12 15:15:54,1
bda890343e25,2020-09-19 07:41:54,1
bdb08d24bdb2,2020-07-16 21:09:06,3
beb2380d8e40,2020-06-28 14:11:54,1
bfcf4f86c2bc,2020-02-01 15:46:55,1
bfe13bccf82d,2020-02-27 13:36:55,1
c06477a1c5cf,2020-06-19 08:59:55,1
c0efa8cf4dd5,2020-07-24 18:59:54,0
c0f99569c3c8,2020-08-23 01:47:54,1
c1bd753ee18c,2020-02-01 06:41:59,1
c1ec378a1328,2020-08-31 20:01:54,3
c1f1ded7c445,2020-02-29 10:55:54,1
c2362d31bcf1,2020-02-20 11:42:54,1
c280c3c690c5,2020-08-26 14:10:54,1
c28ab2d406e9,2020-09-13 01:13:57,1
c2ca61367987,2020-09-06 04:29:54,1
c2f346b7575d,2020-06-28 17:30:41,0
c314fabbb4d0,2020-06-26 13:51:53,3
c36140cc8455,2020-02-25 08:24:55,1
c36140cc8455,2020-02-28 12:24:54,2
c39ab6eeae01,2020-01-22 17:15:54,1
c39c66366cde,2020-11-03 22:05:54,1
c39dd8103e10,2020-06-17 03:00:54,1
c3f875b47a13,2020-10-17 15:52:55,1
c41c26f9e496,2020-07-02 13:44:54,1
c441c10b8da3,2020-09-23 01:16:54,1
c45d71b1e00a,2020-07-01 03:07:54,1
c45f5f5c7d20,2020-01-09 04:11:54,1
c4828bb746e6,2020-10-08 11:09:55,1
c485361c4f46,2020-05-20 23:05:51,2
c4a9d6285d02,2020-09-01 08:42:53,1
c541220c7c4b,2020-03-30 17:08:53,0
c5957359eda0,2020-09-04 06:48:54,1
c6471e5a396b,2020-01-17 14:10:54,3
c6d268351f27,2020-09-15 07:47:55,1
c7c4593adf54,2020-09-12 17:01:50,3
c89718fe5eee,2020-06-04 19:08:25,1
c9200e816437,2020-08-12 14:18:56,1
c96eff79fb75,2020-07-04 14:28:30,3
c99968d50244,2020-02-18 12:14:53,1
cabec7e4c877,2020-10-03 16:40:54,1
cc27af8c5d06,2020-06-15 13:06:54,3
cc3de9287fc3,2020-04-20 18:48:55,3
cd021081d36b,2020-09-14 02:37:57,1
cd5d7257ff29,2020-01-10 14:18:56,2
cdc49df76434,2020-10-17 15:15:54,3
ce5ba3c2ec6a,2020-08-13 00:51:54,1
ce898e195a01,2020-04-25 19:41:54,1
cf07ceae5e76,2020-07-15 04:28:54,1
cf6067d616f3,2019-12-31 20:27:55,0
cfb2ee641d4f,2020-08-10 12:21:54,1
cfc02d34869f,2020-02-20 07:23:54,1
cfddc7a1da4b,2020-02-13 12:32:54,1
d05edc5ea5de,2020-08-20 12:18:55,0
d0768fa0e1f4,2020-03-06 09:08:55,0
d086c56117d1,2020-02-15 04:42:55,1
d1072ea4bccd,2020-01-21 10:26:54,1
d128a5f97677,2020-09-16 20:44:54,1
d129e4e6d8dc,2020-08-24 11:41:54,1
d1cbeecb1f7c,2020-06-04 04:56:12,3
d20a1d3afd77,2020-07-16 03:18:55,1
d21a17e1b267,2020-04-12 23:17:54,1
d2c5955e5dec,2020-02-28 13:13:29,3
d311248b53e7,2020-02-28 20:37:43,3
d37f44785cd2,2020-02-21 20:02:55,1
d3c4cb16cc59,2020-10-16 18:38:54,3
d3c6755eef20,2020-02-20 05:01:54,1
d3cd9d1bd7f6,2020-07-26 17:17:55,1
d40299a434da,2020-06-02 20:31:54,1
d452e28a69ac,2020-02-27 13:42:54,1
d535aa65c47b,2020-06-14 00:57:55,1
d54463707c43,2020-06-20 01:10:54,2
d6b12d0b97b7,2020-03-21 18:36:06,3
d7724bdedee9,2020-01-30 09:14:54,0
d77b27bfc29c,2020-01-21 02:59:53,0
d91aee37dbc1,2020-06-03 19:28:53,2
d953db717056,2020-04-14 09:54:14,3
d9741bbe17d3,2020-06-30 13:52:54,1
d9d75f9e668b,2020-10-30 07:50:55,1
d9e6c68c5519,2020-05-16 03:25:55,1
da141a23eebb,2020-08-02 07:39:54,0
dad200875ff3,2020-09-18 16:27:55,1
db0adee7bacc,2020-06-05 05:37:54,1
db37de63708b,2020-05-16 10:00:55,2
db50c936024c,2020-03-22 11:58:54,0
db7fd2f0307d,2020-07-29 17:23:54,1
dbe529b72540,2020-01-18 01:42:55,1
dbf9c277c6fe,2020-01-03 16:12:54,1
dbfb790714f9,2020-07-16 13:06:53,1
dd00e5530e9b,2020-04-22 14:59:54,1
dd0263e7b7fd,2020-10-06 09:16:55,1
dd06680b1f68,2020-09-10 07:24:54,1
dd52284bf4c6,2020-02-23 08:42:55,1
ddcc799b4358,2020-02-05 02:42:55,1
dddd748cd379,2020-09-14 23:03:54,1
ddff4f8b4467,2020-02-26 10:03:57,2
de012d4b8808,2020-04-21 21:14:06,2
de012d4b8808,2020-11-04 14:07:20,1
de38a5232124,2020-01-13 09:42:54,1
de5791d91a32,2020-08-09 06:54:55,1
dec62b6a7fb8,2020-09-08 02:43:55,1
df24507c2eb8,2020-08-30 06:30:55,1
df4cd2ea6a8c,2020-06-18 10:01:53,1
df4cd2ea6a8c,2020-06-29 10:59:53,1
df8d0fbf8b84,2020-06-03 15:27:56,1
df923caca183,2020-08-07 17:11:54,1
df9f152a98c9,2020-08-30 08:14:53,1
dfe37e1ad4c0,2020-07-14 22:11:36,3
e0642b49f044,2020-06-27 11:16:12,1
e098d406eab2,2020-11-15 18:45:54,3
e10b1137ed0c,2020-01-21 13:11:54,1
e1159cb241c2,2020-09-29 12:36:57,1
e11e616b738f,2020-09-25 14:19:54,1
e121bb9fdd60,2020-03-08 15:28:55,0
e18e1ee67363,2020-11-24 09:48:54,1
e246cc626f4a,2020-01-26 16:47:54,1
e2c2b3e7afb6,2020-04-11 06:20:56,0
e329d6d099db,2020-11-15 18:16:54,3
e336f7e7f9f9,2020-01-27 03:51:56,1
e369021fa53e,2020-01-25 16:27:55,1
e3c36a1bd10d,2020-04-19 19:15:56,0
e3c578b60c9e,2020-06-10 01:37:55,1
e3e53d104b4b,2020-05-27 12:22:54,3
e3e95425647e,2020-11-04 18:59:54,2
e47d553b6d58,2020-05-17 13:53:54,1
e4d2f4d4baa5,2020-08-11 13:40:00,3
e4f766667e79,2020-09-24 20:21:54,1
e53aa80a7ba2,2020-05-17 16:31:53,1
e5ab49d4bbea,2020-04-11 01:28:54,3
e627062ca57a,2020-04-30 07:53:54,1
e677df519f8c,2020-08-28 15:46:54,1
e730c5b5c2d7,2020-07-29 14:24:55,1
e8e1b2b4b1fe,2020-03-29 15:12:55,1
e8ff92a5497e,2020-01-09 19:39:54,3
e90feda78849,2020-09-13 11:41:53,1
e9261945ffdb,2020-07-28 13:12:53,3
e998baf6e91f,2020-08-25 10:45:54,1
ea5dd975809e,2020-10-12 06:00:57,1
eaf4ac230374,2020-10-08 06:12:54,1
eb05288c096f,2020-02-02 15:13:54,1
eb2b50436fdd,2020-05-05 06:50:54,1
ec663220c560,2020-05-21 20:21:57,1
ec9456eddefe,2020-04-02 18:50:54,1
ed48cb62ec91,2020-05-15 13:44:54,1
ed7ad5da313b,2020-05-20 09:03:54,1
ed9ac76965f5,2020-06-12 01:48:54,1
ee6287481034,2020-10-14 12:11:54,1
eeb5bd7eb155,2020-11-05 18:01:19,3
ef9a6aa00c48,2020-10-04 11:22:54,1
f02c53fd4785,2020-08-02 20:09:53,1
f0321476d2aa,2020-09-05 10:06:55,1
f035f2ddbb9d,2020-08-10 09:03:54,0
f058dd42671f,2020-09-07 17:45:55,1
f0f9d698e25c,2020-04-02 04:43:58,1
f11b8d02fca1,2020-07-09 04:10:53,1
f13fa0cde31c,2020-09-20 06:49:54,1
f1889cf52e2a,2020-02-13 20:56:54,1
f19799b949aa,2020-03-30 08:20:18,3
f1c78edc8140,2020-09-02 20:51:54,0
f1c900950309,2020-06-11 19:07:54,1
f21c886d4b1d,2020-04-23 21:10:21,1
f294f91d92d9,2020-05-16 12:36:54,0
f2dbf78d754f,2020-01-25 20:39:35,1
f2e0658a3662,2020-09-22 04:48:54,1
f338b27bd1d5,2020-10-22 10:12:54,1
f344a22abbc7,2020-04-24 10:18:55,0
f37e6cd99bac,2020-08-18 22:24:54,0
f3af82fb8fe4,2020-05-24 10:14:31,3
f3d230a8e379,2020-01-06 09:28:54,1
f3fb895121ab,2020-08-20 22:41:55,1
f44b9155f9af,2020-09-16 19:16:53,1
f4621d6c8c21,2020-09-11 20:21:54,0
f47b57d3d81f,2020-05-22 12:46:54,0
f4db65c7d7c7,2020-05-07 21:11:56,1
f4e157d00a7f,2020-04-02 03:43:54,1
f4fcc134c08c,2020-07-04 16:57:54,1
f58016ca9f24,2020-10-31 10:31:54,3
f68d9fad7a0f,2020-05-09 18:53:54,1
f6b9e9db5bf2,2020-01-01 08:42:54,1
f6c61eaa1ae6,2020-11-17 01:45:54,3
f72251b5fc85,2020-06-28 19:50:54,1
f75f3588768c,2020-03-15 05:20:57,1
f78ff4b4fe2d,2020-09-03 09:55:54,1
f7ccd720af93,2019-12-30 09:25:54,1
f825c0467ed1,2020-06-20 17:52:55,1
f85cb0608022,2020-07-19 14:43:54,1
f85ce26364ca,2020-08-20 16:22:54,1
f85ce26364ca,2020-09-30 05:54:56,1
f8686da74741,2020-02-08 07:46:01,1
f8b59a80fd1c,2020-02-19 15:08:56,1
f99bd7917571,2020-03-08 18:22:01,3
f9bbcaf432c2,2020-02-18 18:44:55,1
f9d19360d8cf,2020-05-16 18:20:59,1
fa1fda5fe273,2020-09-24 04:03:54,3
fa6dcd8cb3c8,2020-06-27 07:56:02,3
fad9e94eec7b,2020-08-14 12:37:55,1
fc2e56d46d85,2020-05-08 21:48:55,1
fd762e6d5daf,2020-01-17 09:11:54,1
fd80358210e6,2020-09-29 11:15:55,1
fda356e1e90f,2020-01-14 07:08:55,3
fdd19c2bea37,2020-08-26 21:52:54,1
fdebc13bcf94,2020-07-05 11:21:54,2
fe030b334545,2020-02-20 11:54:55,1
fe2b573dc371,2020-09-21 06:11:55,1
fe3b0a53e758,2020-01-27 01:13:55,1
fe3efac5e9df,2020-01-14 11:51:54,1
fe524dc304f1,2020-01-08 11:46:55,3
fe9584ad54b4,2020-11-18 06:57:53,0
fee8ce76bf33,2020-08-05 19:35:55,1
ff240db10b16,2020-10-12 07:11:54,1
ff7edc6d6b56,2020-06-30 08:15:54,1
ff92904d80f2,2020-08-28 16:48:54,1
000d33b21436,2020-09-02 16:42:54,3
007bdf23b62f,2020-06-16 18:40:39,2
00b9c343ace4,2020-11-13 01:29:55,2
00c76d7884f5,2020-07-16 21:22:54,0
01ac9d690a5e,2020-11-20 10:09:54,3
022744a139a6,2020-07-24 04:46:54,1
0241539b62ad,2020-02-04 16:33:54,1
046638a6a0cf,2020-03-15 09:18:54,3
04e3263c8f31,2020-03-14 17:54:54,3
04fc9a006d6e,2020-11-12 23:24:56,1
054b6ad4c4c2,2020-06-04 17:43:55,3
064d8eeeb721,2020-11-10 16:29:56,0
0719ba704cac,2020-02-26 01:59:54,3
085bb85412b8,2020-04-15 01:18:18,3
08844131075f,2020-07-22 21:56:37,3
09aed4b0f341,2020-03-18 14:41:56,3
09b3a4cde086,2020-09-23 01:20:55,1
09e7ed7b6f21,2020-05-20 23:31:54,1
09edb36d2f69,2020-08-02 10:19:54,1
09f7138a177c,2020-02-21 17:10:55,3
0a22eb18461b,2020-01-05 17:57:04,3
0a9dd1d25c79,2020-01-28 12:15:43,3
0b19f3914334,2020-03-31 19:59:54,3
0b8d1b5bfdd3,2020-04-29 03:50:53,1
0c7a666d31c1,2020-09-09 12:48:54,1
0cd67ef50c07,2020-01-17 10:36:54,1
0d38d7f2a541,2020-08-14 10:50:40,3
0e251af32ac5,2020-02-29 03:50:10,3
0e76310cd728,2020-04-20 20:28:54,1
0fb35a16754d,2020-07-14 00:52:24,3
116663d5d39e,2020-08-21 11:57:54,3
123fb7450fd9,2020-03-25 14:35:14,3
13e39f5144a1,2020-09-01 09:09:54,3
13eaf4a735f7,2020-08-08 03:11:54,2
15f729d5d633,2020-05-08 20:47:55,1
160824cf04a4,2020-02-06 01:25:55,2
1720f6c2d153,2020-10-28 18:27:58,1
1813bffb283c,2020-10-07 12:12:25,2
18e9521d0e90,2020-03-30 14:55:54,0
1ad8f1f9d3c8,2020-03-31 03:15:08,1
1b1388c1c09f,2020-06-26 23:32:55,1
1bc3394059e2,2020-03-04 17:30:54,3
1c4a3c906aab,2020-09-22 19:37:57,3
1dae9979407a,2020-08-04 11:19:42,3
1eaba6f8d7c9,2020-03-25 11:42:02,3
1f1e64e30e37,2020-04-10 17:22:55,1
2075408881cc,2020-06-26 17:28:03,3
210ad760daa0,2020-10-27 19:01:56,3
217e87ed469f,2020-04-26 04:28:15,0
21c8ae6ccfa4,2020-02-25 21:07:55,3
223df9ead809,2020-07-18 13:50:55,2
2436076ec6c1,2020-02-04 07:40:54,3
24adef45b84b,2020-09-14 03:12:54,3
25020c265d8d,2020-05-20 01:42:54,1
25071f501416,2020-06-06 21:01:54,1
250e9290104b,2020-02-26 15:13:56,3
257f75a840fe,2020-07-31 02:06:54,1
2582f1ac7826,2020-03-18 03:18:55,3
25be743bee3a,2020-09-19 03:44:55,1
26b885e9b756,2020-09-09 07:42:54,1
298902ab887f,2020-07-02 15:38:54,1
2a1019489507,2020-04-27 02:03:55,3
2a40a37af10a,2020-05-13 11:53:55,0
2a56895fe46f,2020-10-09 13:09:27,2
2bc29c6bba77,2020-09-14 06:51:44,3
2bc3a92f7ac0,2020-03-01 15:39:58,1
2c911e1e4b6d,2020-04-01 22:31:54,0
2d4709b153cb,2020-08-04 17:49:53,1
2d63678279d7,2020-10-15 12:42:19,3
2d9dec87df50,2020-08-04 17:43:55,0
2ed13346b6d9,2020-11-19 23:28:54,3
2fa5abe4230a,2020-10-13 05:22:55,3
31232b720dfe,2020-01-08 18:08:01,3
3142ae817078,2020-04-19 07:44:55,0
31ba6c172985,2020-01-15 17:10:37,2
31fbb1f1b2f9,2020-03-16 15:25:54,0
3285b64a57be,2020-02-01 05:37:59,3
32929a8f44b4,2020-08-15 23:31:20,3
32fe73b508fd,2020-08-10 06:41:54,1
33f6b4388380,2020-05-30 10:35:54,3
34fe7ba639ca,2020-07-09 16:24:54,1
3559aa7ffaa5,2020-07-21 11:15:19,3
35f40ebafa75,2020-07-03 14:45:45,3
35f524733d80,2020-05-16 14:29:54,2
3625203d9a67,2020-06-21 22:22:54,0
3690540d85ec,2020-09-09 17:13:57,1
3769dc29f48b,2020-08-27 05:53:54,3
37cdd3003885,2020-06-19 15:10:54,1
38549c3f2af9,2020-10-01 18:47:54,1
3859a44230d4,2020-08-31 15:41:54,0
391c3d1815dd,2020-09-16 14:34:44,1
39484dfff794,2020-06-23 01:46:07,2
3b2a3ded0b6b,2020-09-01 10:10:55,1
3baa587d74ed,2020-01-24 16:57:57,3
3bd597b199fb,2020-06-19 12:19:20,2
3c22fe656313,2020-06-02 15:47:54,1
3cdf2a9b032f,2020-09-18 06:16:54,1
3cf140f98c9b,2020-03-28 12:11:54,3
3d3d177d2195,2020-09-03 16:56:54,1
3d6acfc1ad57,2020-08-24 08:05:36,2
3e403e375641,2020-04-17 10:05:54,3
3ed155dd99d2,2020-04-09 10:21:57,3
3f70172603a7,2020-06-13 06:57:44,3
3f9d5e861965,2020-04-30 21:47:54,1
3fc12d706661,2020-02-17 20:30:54,0
3fd55a9ff974,2020-01-04 22:29:55,3
40f6fe0677a4,2020-03-01 10:40:54,3
411467ef34c9,2020-05-20 06:23:54,3
413530f1c69d,2020-04-18 05:12:53,1
43049b76fab3,2020-05-15 20:23:54,1
43482650cccf,2020-02-25 10:49:55,1
43911b3b5612,2020-01-15 08:29:30,3
439629770de3,2020-06-26 04:17:53,3
43e1d575233a,2020-06-12 22:22:54,1
43fba528c2fe,2020-04-14 21:24:54,1
4564f994c5ac,2020-06-15 04:53:55,1
465acbb1f813,2020-06-12 22:44:45,2
465acbb1f813,2020-06-14 17:29:28,2
4682b8e36d0c,2020-09-29 08:53:55,3
47a0513622ee,2020-08-12 13:35:56,1
48cfe50dc7aa,2020-04-04 08:48:12,1
48e221b9da94,2020-03-11 18:40:45,0
491cde97df71,2020-05-08 14:02:37,3
4990cc6cf27f,2020-04-07 12:27:59,3
4a870beae464,2020-01-05 19:23:15,3
4bf437336bd6,2020-07-11 20:38:54,3
4ee75071d971,2020-02-17 16:20:55,2
4ee75071d971,2020-03-04 20:41:54,2
4ef99f75382a,2020-07-16 03:40:47,1
4f248191adce,2020-07-30 08:05:56,3
4fea7319aa6c,2020-10-17 10:19:30,0
507ad6177013,2020-07-07 03:37:54,1
51c2d97b8e0d,2020-02-12 06:51:57,1
51e57feae2d7,2020-05-14 05:10:54,1
5201b4b4294c,2020-04-13 15:58:55,0
528078ff4d0f,2020-06-05 22:03:54,1
5497fd9c8304,2020-04-24 08:14:56,3
55ab4cdfb2cb,2020-03-04 11:24:54,2
55df67118a89,2020-05-28 10:19:56,1
55ee4ee82c08,2020-11-20 14:16:55,1
561603103935,2020-04-14 18:58:55,3
56312471d089,2020-04-11 07:15:54,1
576388114186,2020-06-23 18:27:58,3
5907dc38581b,2020-10-29 10:09:55,3
59ae88716b0e,2020-09-17 03:40:54,1
5aa7695f80e3,2020-08-29 05:15:53,3
5b3a6827228c,2020-08-10 08:21:54,1
5be7726c102f,2020-06-15 13:08:55,3
5d39333c8540,2020-08-02 15:00:53,1
5d6f3368aa33,2020-04-12 01:23:41,3
5e5a225521c0,2020-07-15 19:50:43,2
5ecb73758cff,2020-03-04 04:41:56,3
5eccd2e5482e,2020-08-08 16:56:53,1
5f16ce92c56a,2020-03-06 23:37:00,3
5f5f2ceee9be,2020-06-22 21:50:18,2
5fbc5388b4ea,2020-07-13 14:37:54,1
5fe5e4ce8f45,2020-11-15 18:53:54,1
600b6e16f5d4,2020-05-05 10:18:10,3
605ace527987,2020-03-04 14:52:54,3
609807e005a1,2020-10-12 12:45:00,0
6115f7effaa1,2020-07-27 12:46:53,1
6197d9ee95c5,2020-08-18 08:20:54,3
61bcd89449b7,2020-11-17 10:42:55,1
637b174a90c0,2020-07-26 01:23:36,3
63a2839f7cc7,2020-11-18 00:07:54,3
63bd314ed458,2020-09-02 12:43:54,3
63d5cb5d5d60,2020-02-02 06:11:55,1
63d6da8aef4f,2020-01-08 19:36:54,3
63e3a29716d8,2020-02-19 19:32:00,1
63f07944e59a,2020-09-26 19:38:54,3
64240590db70,2020-03-08 19:22:57,3
6481f253f278,2020-08-06 14:49:12,3
64a2d880bd4c,2020-01-11 11:05:54,1
64e04f121b2f,2020-04-07 19:00:55,1
64ec6e2be222,2020-01-12 13:09:55,1
64ed7f05d5e5,2020-09-09 16:02:55,1
6546bbdfcd4f,2020-06-11 00:30:59,3
66a787d06371,2020-01-15 18:26:39,3
68e677d52855,2020-02-16 11:53:53,3
69dd64649de2,2020-06-16 23:11:04,3
69ecd356c145,2020-07-04 04:47:55,1
6a29942b7dd4,2020-09-12 16:24:56,1
6a5d8234b60a,2020-05-19 23:00:17,3
6bb0cb98c7bf,2020-11-20 23:09:25,2
6c0c98cb1455,2020-05-15 21:47:53,0
6ce3713b252f,2020-04-14 04:18:56,3
6d1b772cc5e3,2020-02-27 13:08:39,3
6d422138723b,2020-05-05 08:12:53,1
6dc19d3318a5,2020-01-05 00:17:51,3
6e0114234f89,2020-02-05 23:12:16,2
6e0f1e31f870,2020-03-22 02:54:20,2
6e78526223df,2020-06-12 13:38:55,3
6ef66e3a484c,2020-11-12 01:35:54,1
6f82d6e875bf,2020-08-03 22:11:20,2
7062033a259c,2020-07-23 17:10:53,3
708ca24019ec,2020-03-01 10:46:55,1
710536c2138a,2020-01-30 09:43:07,3
712246cf3bfd,2020-08-28 10:44:14,3
7280b00f625d,2020-11-07 14:20:20,3
7285e02d62ee,2020-06-25 10:45:51,3
73b05d30a882,2020-07-19 08:14:53,3
73c55b7177b0,2020-02-07 08:15:25,3
74b31f7282f3,2020-05-30 20:21:54,0
74b7d39e2905,2020-04-24 07:40:54,1
768bafe05732,2020-02-13 20:42:54,1
76e0d36ddb62,2020-11-04 01:58:57,3
76fcf62959c0,2020-02-03 14:45:53,1
775f332fcce8,2020-08-28 19:57:54,3
787ca86fa320,2020-09-04 08:11:45,2
7965437e625c,2020-01-29 04:41:54,1
799f6dd43ceb,2020-02-01 02:09:29,1
7a2b0a4ae8e5,2020-10-14 22:17:54,1
7a5f4358c99f,2020-01-22 07:11:54,1
7bc11029f98a,2020-06-23 13:22:54,1
7c505ed3a5e4,2020-04-04 12:12:57,3
7c60b4bfecd8,2020-03-07 14:56:41,3
7cd1f27c496f,2020-06-01 03:52:31,2
7d0d262fe6b9,2020-10-07 06:42:53,1
7d40f6071999,2020-04-15 08:16:54,3
7e4ce887a24c,2020-06-09 07:56:34,3
7edd6d5f1cc9,2020-03-15 13:50:55,3
7ef9ec2868d7,2020-03-31 18:13:54,1
7fb4a3ecf11e,2020-02-05 23:18:55,1
8111e11e1446,2020-07-06 05:32:54,1
82a187bcfa02,2020-04-06 00:26:30,3
836e051093fb,2020-11-06 21:19:54,3
83c837d873f9,2020-04-30 11:42:57,1
84b10c0f8348,2020-02-04 15:05:54,3
8628a63a076d,2020-10-08 22:31:54,0
86642c4428dd,2020-04-11 18:39:51,1
86bfac8af91d,2020-04-22 07:00:54,3
8819b4ce074b,2020-02-27 15:58:03,1
886e1d0f1e31,2020-03-22 15:39:48,3
89ea0a6acdb2,2020-10-06 13:41:54,3
8a4d1e7ef8cf,2020-04-08 01:01:54,3
8a90932fc98e,2020-07-24 15:15:55,1
8cfb6426cba3,2020-07-15 17:41:55,3
8e2c2f4eb095,2020-02-15 23:07:28,3
8e38e2a5fc5f,2020-03-12 16:36:54,0
8f00d11076e1,2020-08-27 09:44:53,1
8fb8d81adf25,2020-04-09 07:18:56,1
8fc3518a0284,2020-09-12 18:20:28,3
90cb03d70fbe,2020-05-02 12:44:55,1
92506d3521c6,2020-08-12 03:13:54,1
933101d99276,2020-02-19 12:19:55,2
936d9e1c9730,2020-08-01 06:51:53,1
93ccb9b08b68,2020-02-06 16:06:22,3
9444c951e54d,2020-11-14 15:17:21,2
9498953d3527,2020-08-05 01:18:55,0
955694aebf7d,2020-05-19 13:39:56,3
95c34ac73cca,2020-07-28 21:41:33,3
964ff19b346b,2020-01-18 09:11:08,1
96777d3f000f,2020-04-17 16:40:56,1
96e349e1f98c,2020-01-31 12:55:53,3
97229ef2b741,2020-04-07 21:41:12,3
97e5e8847bf4,2020-01-19 10:41:55,1
97e897e3d304,2019-12-29 19:12:53,1
981ab3ab4950,2020-06-23 10:39:54,3
984275bf9107,2020-09-13 12:16:08,3
99a54b49915d,2020-01-10 05:41:54,1
9a0dc9ad559b,2020-08-12 23:14:54,1
9a464e4cc9df,2020-08-05 18:41:54,3
9c5d4394e4d0,2020-06-26 01:14:57,3
9c7917053f8a,2020-08-13 15:00:16,3
9cfcbe601e8c,2020-02-05 21:01:54,3
9d291bb83449,2020-03-11 09:12:54,1
9e4b16b04664,2020-01-12 10:10:37,1
9f741b38cfc6,2020-02-05 01:08:53,3
a06f07151d03,2020-03-04 12:30:54,2
a0859d558aaa,2020-06-23 14:11:54,1
a1add286afa5,2020-08-14 11:19:53,1
a2023f91bc73,2020-05-16 08:53:54,3
a2023f91bc73,2020-05-16 19:49:41,3
a23476998411,2020-07-31 14:08:54,1
a267f55f52ce,2020-04-09 20:14:55,3
a31a69308594,2020-11-23 01:00:54,3
a3467cbac260,2020-04-21 11:54:54,1
a3a065540136,2020-10-19 19:36:09,1
a3a53e83acb3,2020-07-14 19:47:53,0
a4503e17f9be,2020-10-11 09:11:54,1
a4969a327d47,2020-03-08 18:56:55,1
a4ef687b25e0,2020-03-04 14:07:55,3
a6109e909765,2020-05-28 19:32:43,2
a65b143fbd50,2020-06-02 01:46:54,1
a84e399f1cef,2020-08-03 05:42:54,1
ab7dc4090480,2020-08-21 11:18:26,0
ac05138fd6ef,2020-08-18 15:27:55,3
ad3f7523b9b2,2020-11-07 17:56:54,3
ad781f580038,2020-09-01 02:55:53,3
af347f140ee5,2020-01-02 21:21:53,1
b00dfd8f0a18,2020-04-09 15:46:54,3
b0e788e70c88,2020-05-18 11:21:54,3
b1185098a9ab,2020-01-08 18:37:54,2
b1af66c799b3,2020-01-15 00:32:54,2
b4b1f3885ce7,2020-10-22 11:23:56,0
b4b9ea9a1191,2020-06-19 14:09:55,3
b6143580d332,2020-10-30 14:13:54,1
b6a0cfeb2d8e,2020-10-13 19:21:54,3
b6be0d0dc967,2020-06-24 06:55:54,3
b6c552b3c830,2020-01-10 15:22:55,1
b6dc9e8a11b7,2020-04-18 05:14:00,1
b90f0edeb9dc,2020-01-05 22:18:55,1
b92952de929b,2020-07-19 05:47:54,1
ba3624761fba,2020-04-23 09:34:53,3
ba9b9237012c,2020-10-03 16:48:54,0
baa36fc869f3,2020-10-13 21:58:54,1
bac32592f814,2020-05-01 15:24:56,1
bb439a63e47c,2020-05-08 08:19:54,1
bb86d3f683f2,2020-09-26 10:59:54,3
bbf11f58edbf,2020-10-31 13:23:54,1
bc2b17c5203e,2020-02-18 21:01:54,0
bc58ae73fd46,2020-05-29 03:15:53,3
be23a0a48c58,2020-06-22 11:13:54,1
beac24834423,2020-11-24 19:19:05,3
bf133f00136a,2020-03-22 13:45:07,1
c000dd97b170,2020-11-08 07:20:56,3
c0fb6369d378,2020-01-20 17:33:54,1
c1324299e5b7,2020-11-11 13:59:06,1
c171027e7a0e,2020-05-18 09:16:55,0
c35ff6aacc56,2020-01-01 21:33:55,3
c3db90caf873,2020-08-01 13:46:54,1
c42e858e449a,2020-04-05 07:42:55,1
c447aa028476,2020-03-25 13:20:38,3
c59c5b1be15c,2020-11-02 03:43:54,3
c77db22bc9d2,2020-03-12 07:40:56,1
c7d59210f045,2020-10-29 12:29:55,1
c8949d442fc4,2020-11-20 05:44:07,1
c99d993b4a02,2020-09-17 14:56:55,1
c9cfde13097a,2020-01-18 13:15:54,2
ca490cbbd576,2020-08-18 15:20:54,1
ca5dadec4bb1,2020-02-23 20:49:55,2
ca5dadec4bb1,2020-02-23 20:53:54,2
cba1da614cbe,2020-01-26 08:13:42,3
cdccb0c69fa5,2020-09-08 21:12:43,1
cf9935ff3b8a,2020-03-17 14:14:54,1
d04a4f058162,2020-07-29 21:54:54,3
d167ec21fb71,2020-08-15 16:41:54,1
d201757ab4be,2020-03-22 09:21:19,3
d222bcbe75bd,2020-03-02 22:43:54,1
d29fd2c1ba18,2020-03-01 06:44:55,3
d32c876574d7,2020-03-10 05:36:54,1
d3fdc9ead831,2020-09-24 18:13:56,0
d536dfe7d860,2020-03-23 09:32:54,2
d55cfbdedcf0,2020-08-06 12:34:55,3
d5755eb603bb,2020-10-04 00:51:56,1
d588ddca4ba2,2020-05-31 12:33:54,1
d64d333587b8,2020-08-29 20:36:53,3
d71aad6524bc,2020-04-02 12:53:25,3
d8792313bb9d,2020-11-06 14:46:55,3
d8fb045fdebe,2020-10-27 14:13:55,0
da36921002c3,2020-07-29 18:12:06,3
dae1f9fe1c2e,2020-04-04 11:14:54,3
db79438c4414,2020-02-26 09:16:55,3
dc4c8582e1ec,2020-02-04 20:41:54,2
dc73dec1b96f,2020-06-04 19:43:54,1
dd1a46bc5143,2020-08-14 04:42:54,1
dd2aa6695d18,2020-02-28 05:02:55,1
ded349897132,2020-03-05 14:14:55,0
df0051c3b7f3,2020-09-29 12:36:56,1
df798313bc30,2020-06-20 09:11:55,3
dfd3abd16403,2020-08-29 15:53:54,3
e07eccd3b9b7,2020-08-07 18:41:55,1
e0e1951cc834,2020-01-26 05:15:51,1
e3119dd35a65,2020-07-04 03:09:50,1
e3a62094fc2a,2020-04-04 17:41:52,3
e3b96ebf79ca,2020-08-15 08:20:55,1
e45b0ccced84,2020-06-29 04:10:54,1
e47cfa0d2bc0,2020-10-13 20:46:54,2
e5357db595a8,2020-10-27 01:57:54,2
e5b0162213a5,2020-04-11 01:42:54,1
e61bea50b365,2020-02-01 08:33:54,3
e74764604d60,2020-11-21 19:40:54,2
e78e8aede987,2020-08-29 00:34:55,3
e7b422a91e3e,2020-06-30 13:45:55,3
e83d7d6dd471,2020-08-28 05:13:55,1
e89d5b2dcd39,2020-02-03 20:27:55,1
e8b158de65d1,2020-10-05 22:27:55,3
e8ef1b719ee9,2020-07-23 13:36:13,1
e924c2d3fa77,2020-01-15 17:20:28,3
e9a71bb07c9e,2020-08-31 15:09:54,1
e9e3bc052817,2020-02-02 12:13:56,1
eaab570baf78,2020-07-07 05:12:55,3
eabf5d368869,2020-10-13 23:13:54,1
eb1b5c947f1a,2020-02-15 16:46:55,2
eb7a13c1f652,2020-09-07 19:14:45,3
ec5731cb9329,2020-08-19 19:44:54,3
ec5731cb9329,2020-09-08 21:14:54,3
ec733a0ec945,2020-03-18 14:59:59,2
ee89db714025,2020-10-11 02:32:55,1
ef0114571d84,2020-04-02 05:08:56,1
ef3ce388ba57,2020-06-25 17:52:55,1
ef3ea6593c16,2020-01-22 21:27:01,3
efc22d60b22b,2020-08-27 15:49:54,1
f015e04245d8,2020-01-25 19:11:59,1
f06baa611dc9,2020-03-13 19:28:33,3
f218f65b95a6,2020-11-11 14:18:56,1
f2399aaf63cf,2020-09-27 11:27:54,3
f3372b39c6b8,2020-05-01 18:41:25,3
f420c77d5ddb,2020-02-01 13:11:55,1
f499535f3ba9,2020-04-30 14:19:35,1
f4a3e269e442,2020-07-31 05:46:55,0
f4a70cf31327,2020-06-28 13:46:54,0
f532ccbbce99,2020-10-18 00:09:53,3
f5d53b2843ca,2020-10-05 16:22:54,3
f7de0e5ccc5d,2020-03-26 15:42:04,0
f8097ee49558,2020-03-03 08:10:54,0
f8097ee49558,2020-07-19 20:44:54,0
f80f1ffdb7ba,2020-05-19 11:36:55,3
f8123d630e6f,2020-11-06 05:24:40,1
f97ffe7b6ca7,2020-04-28 02:20:54,1
fa044abc9a47,2020-01-07 18:10:48,3
fb2ce527a4a3,2020-03-13 00:14:55,2
fb8342bb056a,2020-02-20 17:16:54,1
fb9ea57b4a58,2020-02-29 14:42:56,1
fcccf3f38874,2020-08-28 20:39:54,0
fde09252580c,2020-01-24 02:41:15,0
fe75818f282a,2020-07-19 15:54:58,1
fe8b5a49fcb5,2020-06-07 17:44:02,2
ffd44698a52b,2020-01-21 15:46:56,3
